Filename,Predictions
test_samples/blur_100_9.jpg,blur
test_samples/blur_101_6.jpg,blur
test_samples/blur_102_17.jpg,blur
test_samples/blur_103_7.jpg,blur
test_samples/blur_104_7.jpg,blur
test_samples/blur_105_17.jpg,blur
test_samples/blur_106_9.jpg,blur
test_samples/blur_107_15.jpg,blur
test_samples/blur_108_13.jpg,blur
test_samples/blur_109_17.jpg,blur
test_samples/blur_10_8.jpg,blur
test_samples/blur_110_5.jpg,blur
test_samples/blur_111_16.jpg,blur
test_samples/blur_112_15.jpg,blur
test_samples/blur_113_11.jpg,blur
test_samples/blur_114_5.jpg,blur
test_samples/blur_115_9.jpg,blur
test_samples/blur_116_16.jpg,blur
test_samples/blur_117_6.jpg,blur
test_samples/blur_118_10.jpg,blur
test_samples/blur_119_6.jpg,blur
test_samples/blur_11_15.jpg,blur
test_samples/blur_120_13.jpg,blur
test_samples/blur_121_13.jpg,blur
test_samples/blur_122_12.jpg,blur
test_samples/blur_123_18.jpg,blur
test_samples/blur_124_5.jpg,blur
test_samples/blur_125_5.jpg,blur
test_samples/blur_126_14.jpg,blur
test_samples/blur_127_6.jpg,blur
test_samples/blur_128_12.jpg,blur
test_samples/blur_129_17.jpg,blur
test_samples/blur_12_16.jpg,blur
test_samples/blur_130_13.jpg,blur
test_samples/blur_131_12.jpg,blur
test_samples/blur_132_16.jpg,blur
test_samples/blur_133_9.jpg,blur
test_samples/blur_134_15.jpg,blur
test_samples/blur_135_5.jpg,blur
test_samples/blur_136_5.jpg,blur
test_samples/blur_137_17.jpg,blur
test_samples/blur_138_9.jpg,blur
test_samples/blur_139_17.jpg,blur
test_samples/blur_13_14.jpg,blur
test_samples/blur_140_17.jpg,blur
test_samples/blur_141_16.jpg,blur
test_samples/blur_142_8.jpg,blur
test_samples/blur_143_5.jpg,blur
test_samples/blur_144_13.jpg,blur
test_samples/blur_145_7.jpg,blur
test_samples/blur_146_12.jpg,blur
test_samples/blur_147_7.jpg,blur
test_samples/blur_148_6.jpg,blur
test_samples/blur_149_8.jpg,blur
test_samples/blur_14_14.jpg,blur
test_samples/blur_150_18.jpg,blur
test_samples/blur_151_7.jpg,blur
test_samples/blur_152_9.jpg,blur
test_samples/blur_153_6.jpg,blur
test_samples/blur_154_7.jpg,blur
test_samples/blur_155_7.jpg,blur
test_samples/blur_156_12.jpg,blur
test_samples/blur_157_8.jpg,blur
test_samples/blur_158_9.jpg,blur
test_samples/blur_159_19.jpg,blur
test_samples/blur_15_15.jpg,blur
test_samples/blur_160_6.jpg,blur
test_samples/blur_161_11.jpg,blur
test_samples/blur_162_17.jpg,blur
test_samples/blur_163_16.jpg,blur
test_samples/blur_164_12.jpg,blur
test_samples/blur_165_14.jpg,blur
test_samples/blur_166_6.jpg,blur
test_samples/blur_167_16.jpg,blur
test_samples/blur_168_5.jpg,blur
test_samples/blur_169_17.jpg,blur
test_samples/blur_16_10.jpg,blur
test_samples/blur_170_17.jpg,blur
test_samples/blur_171_17.jpg,blur
test_samples/blur_172_5.jpg,blur
test_samples/blur_173_16.jpg,blur
test_samples/blur_174_10.jpg,blur
test_samples/blur_175_16.jpg,blur
test_samples/blur_176_13.jpg,blur
test_samples/blur_177_9.jpg,blur
test_samples/blur_178_13.jpg,blur
test_samples/blur_179_13.jpg,blur
test_samples/blur_17_12.jpg,blur
test_samples/blur_180_19.jpg,blur
test_samples/blur_181_17.jpg,blur
test_samples/blur_182_8.jpg,blur
test_samples/blur_183_9.jpg,blur
test_samples/blur_184_14.jpg,blur
test_samples/blur_185_15.jpg,blur
test_samples/blur_186_7.jpg,blur
test_samples/blur_187_17.jpg,blur
test_samples/blur_188_10.jpg,blur
test_samples/blur_189_9.jpg,blur
test_samples/blur_18_11.jpg,blur
test_samples/blur_190_12.jpg,blur
test_samples/blur_191_14.jpg,blur
test_samples/blur_192_15.jpg,blur
test_samples/blur_193_6.jpg,blur
test_samples/blur_194_14.jpg,blur
test_samples/blur_195_5.jpg,blur
test_samples/blur_196_18.jpg,blur
test_samples/blur_197_19.jpg,blur
test_samples/blur_198_17.jpg,blur
test_samples/blur_199_12.jpg,blur
test_samples/blur_19_5.jpg,nonblur
test_samples/blur_1_15.jpg,blur
test_samples/blur_200_17.jpg,blur
test_samples/blur_201_9.jpg,blur
test_samples/blur_202_18.jpg,blur
test_samples/blur_203_15.jpg,blur
test_samples/blur_204_13.jpg,blur
test_samples/blur_205_17.jpg,blur
test_samples/blur_206_15.jpg,blur
test_samples/blur_207_13.jpg,blur
test_samples/blur_208_9.jpg,blur
test_samples/blur_209_19.jpg,blur
test_samples/blur_20_9.jpg,blur
test_samples/blur_210_17.jpg,blur
test_samples/blur_211_19.jpg,blur
test_samples/blur_212_6.jpg,blur
test_samples/blur_213_9.jpg,blur
test_samples/blur_214_5.jpg,blur
test_samples/blur_215_10.jpg,blur
test_samples/blur_216_11.jpg,blur
test_samples/blur_217_12.jpg,blur
test_samples/blur_218_17.jpg,blur
test_samples/blur_219_5.jpg,blur
test_samples/blur_21_17.jpg,blur
test_samples/blur_220_12.jpg,blur
test_samples/blur_221_13.jpg,blur
test_samples/blur_222_6.jpg,blur
test_samples/blur_223_17.jpg,blur
test_samples/blur_224_10.jpg,blur
test_samples/blur_225_8.jpg,blur
test_samples/blur_226_15.jpg,blur
test_samples/blur_227_17.jpg,blur
test_samples/blur_228_16.jpg,blur
test_samples/blur_229_11.jpg,blur
test_samples/blur_22_18.jpg,blur
test_samples/blur_230_14.jpg,blur
test_samples/blur_231_17.jpg,blur
test_samples/blur_232_6.jpg,blur
test_samples/blur_233_8.jpg,blur
test_samples/blur_234_12.jpg,blur
test_samples/blur_235_18.jpg,blur
test_samples/blur_236_9.jpg,blur
test_samples/blur_237_19.jpg,blur
test_samples/blur_238_14.jpg,blur
test_samples/blur_239_18.jpg,blur
test_samples/blur_23_12.jpg,blur
test_samples/blur_240_18.jpg,blur
test_samples/blur_241_5.jpg,blur
test_samples/blur_242_13.jpg,blur
test_samples/blur_243_17.jpg,blur
test_samples/blur_244_9.jpg,blur
test_samples/blur_245_12.jpg,blur
test_samples/blur_246_15.jpg,blur
test_samples/blur_247_13.jpg,blur
test_samples/blur_248_10.jpg,blur
test_samples/blur_249_11.jpg,blur
test_samples/blur_24_19.jpg,blur
test_samples/blur_250_12.jpg,blur
test_samples/blur_251_17.jpg,blur
test_samples/blur_252_17.jpg,blur
test_samples/blur_253_17.jpg,blur
test_samples/blur_254_19.jpg,blur
test_samples/blur_255_15.jpg,blur
test_samples/blur_256_16.jpg,blur
test_samples/blur_257_8.jpg,blur
test_samples/blur_258_10.jpg,blur
test_samples/blur_259_17.jpg,blur
test_samples/blur_25_13.jpg,blur
test_samples/blur_260_6.jpg,blur
test_samples/blur_261_13.jpg,blur
test_samples/blur_262_14.jpg,blur
test_samples/blur_263_7.jpg,blur
test_samples/blur_264_16.jpg,blur
test_samples/blur_265_14.jpg,blur
test_samples/blur_266_13.jpg,blur
test_samples/blur_267_14.jpg,blur
test_samples/blur_268_16.jpg,blur
test_samples/blur_269_9.jpg,blur
test_samples/blur_26_15.jpg,blur
test_samples/blur_270_10.jpg,blur
test_samples/blur_271_18.jpg,blur
test_samples/blur_272_5.jpg,blur
test_samples/blur_273_13.jpg,blur
test_samples/blur_274_19.jpg,blur
test_samples/blur_275_18.jpg,blur
test_samples/blur_276_12.jpg,blur
test_samples/blur_277_6.jpg,blur
test_samples/blur_278_7.jpg,blur
test_samples/blur_279_10.jpg,blur
test_samples/blur_27_6.jpg,blur
test_samples/blur_280_7.jpg,blur
test_samples/blur_281_15.jpg,blur
test_samples/blur_282_19.jpg,blur
test_samples/blur_283_18.jpg,blur
test_samples/blur_284_15.jpg,blur
test_samples/blur_285_12.jpg,blur
test_samples/blur_286_19.jpg,blur
test_samples/blur_287_19.jpg,blur
test_samples/blur_288_17.jpg,blur
test_samples/blur_289_16.jpg,blur
test_samples/blur_28_15.jpg,blur
test_samples/blur_290_11.jpg,blur
test_samples/blur_291_12.jpg,blur
test_samples/blur_292_14.jpg,blur
test_samples/blur_293_6.jpg,blur
test_samples/blur_294_10.jpg,blur
test_samples/blur_295_12.jpg,blur
test_samples/blur_296_17.jpg,blur
test_samples/blur_297_17.jpg,blur
test_samples/blur_298_10.jpg,blur
test_samples/blur_299_19.jpg,blur
test_samples/blur_29_11.jpg,blur
test_samples/blur_2_13.jpg,blur
test_samples/blur_300_14.jpg,blur
test_samples/blur_301_12.jpg,blur
test_samples/blur_302_17.jpg,blur
test_samples/blur_303_7.jpg,blur
test_samples/blur_304_11.jpg,blur
test_samples/blur_305_18.jpg,blur
test_samples/blur_306_9.jpg,blur
test_samples/blur_307_13.jpg,blur
test_samples/blur_308_15.jpg,blur
test_samples/blur_309_9.jpg,blur
test_samples/blur_30_7.jpg,blur
test_samples/blur_310_14.jpg,blur
test_samples/blur_311_8.jpg,blur
test_samples/blur_312_13.jpg,blur
test_samples/blur_313_10.jpg,blur
test_samples/blur_314_11.jpg,blur
test_samples/blur_315_17.jpg,blur
test_samples/blur_316_15.jpg,blur
test_samples/blur_317_8.jpg,blur
test_samples/blur_318_13.jpg,blur
test_samples/blur_319_9.jpg,blur
test_samples/blur_31_7.jpg,blur
test_samples/blur_320_7.jpg,blur
test_samples/blur_321_16.jpg,blur
test_samples/blur_322_12.jpg,blur
test_samples/blur_323_12.jpg,blur
test_samples/blur_324_7.jpg,blur
test_samples/blur_325_7.jpg,blur
test_samples/blur_326_5.jpg,blur
test_samples/blur_327_12.jpg,blur
test_samples/blur_328_15.jpg,blur
test_samples/blur_329_10.jpg,blur
test_samples/blur_32_17.jpg,blur
test_samples/blur_330_5.jpg,blur
test_samples/blur_331_19.jpg,blur
test_samples/blur_332_15.jpg,blur
test_samples/blur_333_8.jpg,blur
test_samples/blur_334_15.jpg,blur
test_samples/blur_335_8.jpg,blur
test_samples/blur_336_10.jpg,blur
test_samples/blur_337_10.jpg,blur
test_samples/blur_338_19.jpg,blur
test_samples/blur_339_9.jpg,blur
test_samples/blur_33_6.jpg,blur
test_samples/blur_340_15.jpg,blur
test_samples/blur_341_12.jpg,blur
test_samples/blur_342_18.jpg,blur
test_samples/blur_343_17.jpg,blur
test_samples/blur_344_7.jpg,blur
test_samples/blur_345_7.jpg,blur
test_samples/blur_346_17.jpg,blur
test_samples/blur_347_11.jpg,blur
test_samples/blur_348_11.jpg,blur
test_samples/blur_349_8.jpg,blur
test_samples/blur_34_8.jpg,blur
test_samples/blur_350_17.jpg,blur
test_samples/blur_351_18.jpg,blur
test_samples/blur_352_11.jpg,blur
test_samples/blur_353_12.jpg,blur
test_samples/blur_354_18.jpg,blur
test_samples/blur_355_12.jpg,blur
test_samples/blur_356_5.jpg,blur
test_samples/blur_357_17.jpg,blur
test_samples/blur_358_17.jpg,blur
test_samples/blur_359_13.jpg,blur
test_samples/blur_35_15.jpg,blur
test_samples/blur_360_14.jpg,blur
test_samples/blur_361_9.jpg,blur
test_samples/blur_362_15.jpg,blur
test_samples/blur_363_10.jpg,blur
test_samples/blur_364_9.jpg,blur
test_samples/blur_365_18.jpg,blur
test_samples/blur_366_15.jpg,blur
test_samples/blur_367_19.jpg,blur
test_samples/blur_368_10.jpg,blur
test_samples/blur_369_17.jpg,blur
test_samples/blur_36_10.jpg,blur
test_samples/blur_370_5.jpg,blur
test_samples/blur_371_8.jpg,blur
test_samples/blur_372_18.jpg,blur
test_samples/blur_373_10.jpg,blur
test_samples/blur_374_9.jpg,blur
test_samples/blur_375_7.jpg,blur
test_samples/blur_376_18.jpg,blur
test_samples/blur_377_10.jpg,blur
test_samples/blur_378_18.jpg,blur
test_samples/blur_379_6.jpg,blur
test_samples/blur_37_13.jpg,blur
test_samples/blur_380_12.jpg,blur
test_samples/blur_381_14.jpg,blur
test_samples/blur_382_11.jpg,blur
test_samples/blur_383_16.jpg,blur
test_samples/blur_384_18.jpg,blur
test_samples/blur_385_5.jpg,blur
test_samples/blur_386_6.jpg,blur
test_samples/blur_387_12.jpg,blur
test_samples/blur_388_5.jpg,blur
test_samples/blur_389_8.jpg,blur
test_samples/blur_38_19.jpg,blur
test_samples/blur_390_12.jpg,blur
test_samples/blur_391_18.jpg,blur
test_samples/blur_392_14.jpg,blur
test_samples/blur_393_8.jpg,blur
test_samples/blur_394_15.jpg,blur
test_samples/blur_395_19.jpg,blur
test_samples/blur_396_10.jpg,blur
test_samples/blur_397_11.jpg,blur
test_samples/blur_398_17.jpg,blur
test_samples/blur_399_16.jpg,blur
test_samples/blur_39_6.jpg,blur
test_samples/blur_3_14.jpg,blur
test_samples/blur_400_19.jpg,blur
test_samples/blur_401_6.jpg,blur
test_samples/blur_402_10.jpg,blur
test_samples/blur_403_8.jpg,blur
test_samples/blur_404_11.jpg,blur
test_samples/blur_405_19.jpg,blur
test_samples/blur_406_13.jpg,blur
test_samples/blur_407_19.jpg,blur
test_samples/blur_408_16.jpg,blur
test_samples/blur_409_10.jpg,blur
test_samples/blur_40_18.jpg,blur
test_samples/blur_410_11.jpg,blur
test_samples/blur_411_12.jpg,blur
test_samples/blur_412_5.jpg,blur
test_samples/blur_413_17.jpg,blur
test_samples/blur_414_7.jpg,blur
test_samples/blur_415_6.jpg,blur
test_samples/blur_416_11.jpg,blur
test_samples/blur_417_7.jpg,blur
test_samples/blur_418_16.jpg,blur
test_samples/blur_419_7.jpg,blur
test_samples/blur_41_15.jpg,blur
test_samples/blur_420_18.jpg,blur
test_samples/blur_421_10.jpg,blur
test_samples/blur_422_15.jpg,blur
test_samples/blur_423_17.jpg,blur
test_samples/blur_424_12.jpg,blur
test_samples/blur_425_6.jpg,blur
test_samples/blur_426_19.jpg,blur
test_samples/blur_427_9.jpg,blur
test_samples/blur_428_12.jpg,blur
test_samples/blur_429_15.jpg,blur
test_samples/blur_42_13.jpg,blur
test_samples/blur_430_14.jpg,blur
test_samples/blur_431_8.jpg,blur
test_samples/blur_432_6.jpg,blur
test_samples/blur_433_15.jpg,blur
test_samples/blur_434_7.jpg,blur
test_samples/blur_435_8.jpg,blur
test_samples/blur_436_6.jpg,blur
test_samples/blur_437_10.jpg,blur
test_samples/blur_438_9.jpg,blur
test_samples/blur_439_19.jpg,blur
test_samples/blur_43_16.jpg,blur
test_samples/blur_440_10.jpg,blur
test_samples/blur_441_19.jpg,blur
test_samples/blur_442_15.jpg,blur
test_samples/blur_443_7.jpg,blur
test_samples/blur_444_17.jpg,blur
test_samples/blur_445_9.jpg,blur
test_samples/blur_446_6.jpg,blur
test_samples/blur_447_8.jpg,blur
test_samples/blur_448_19.jpg,blur
test_samples/blur_449_7.jpg,blur
test_samples/blur_44_19.jpg,blur
test_samples/blur_450_17.jpg,blur
test_samples/blur_451_6.jpg,blur
test_samples/blur_452_15.jpg,blur
test_samples/blur_453_17.jpg,blur
test_samples/blur_454_9.jpg,blur
test_samples/blur_455_10.jpg,blur
test_samples/blur_456_13.jpg,blur
test_samples/blur_457_8.jpg,blur
test_samples/blur_458_6.jpg,blur
test_samples/blur_459_7.jpg,blur
test_samples/blur_45_12.jpg,blur
test_samples/blur_460_11.jpg,blur
test_samples/blur_461_10.jpg,blur
test_samples/blur_462_12.jpg,blur
test_samples/blur_463_6.jpg,blur
test_samples/blur_464_16.jpg,blur
test_samples/blur_465_16.jpg,blur
test_samples/blur_466_8.jpg,blur
test_samples/blur_467_15.jpg,blur
test_samples/blur_468_14.jpg,blur
test_samples/blur_469_8.jpg,blur
test_samples/blur_46_13.jpg,blur
test_samples/blur_470_10.jpg,blur
test_samples/blur_471_5.jpg,blur
test_samples/blur_472_12.jpg,blur
test_samples/blur_473_7.jpg,blur
test_samples/blur_474_17.jpg,blur
test_samples/blur_475_11.jpg,blur
test_samples/blur_476_19.jpg,blur
test_samples/blur_477_19.jpg,blur
test_samples/blur_478_15.jpg,blur
test_samples/blur_479_5.jpg,blur
test_samples/blur_47_16.jpg,blur
test_samples/blur_480_16.jpg,blur
test_samples/blur_481_6.jpg,blur
test_samples/blur_482_5.jpg,blur
test_samples/blur_483_9.jpg,blur
test_samples/blur_484_11.jpg,blur
test_samples/blur_485_19.jpg,blur
test_samples/blur_486_10.jpg,blur
test_samples/blur_487_11.jpg,blur
test_samples/blur_488_15.jpg,blur
test_samples/blur_489_9.jpg,blur
test_samples/blur_48_6.jpg,blur
test_samples/blur_490_14.jpg,blur
test_samples/blur_491_12.jpg,blur
test_samples/blur_492_18.jpg,blur
test_samples/blur_493_5.jpg,blur
test_samples/blur_494_9.jpg,blur
test_samples/blur_495_7.jpg,blur
test_samples/blur_496_15.jpg,blur
test_samples/blur_497_13.jpg,blur
test_samples/blur_498_14.jpg,blur
test_samples/blur_499_17.jpg,blur
test_samples/blur_49_16.jpg,blur
test_samples/blur_4_8.jpg,blur
test_samples/blur_500_16.jpg,blur
test_samples/blur_501_17.jpg,blur
test_samples/blur_502_13.jpg,blur
test_samples/blur_503_16.jpg,blur
test_samples/blur_504_7.jpg,blur
test_samples/blur_505_13.jpg,blur
test_samples/blur_506_18.jpg,blur
test_samples/blur_507_15.jpg,blur
test_samples/blur_508_13.jpg,blur
test_samples/blur_509_15.jpg,blur
test_samples/blur_50_5.jpg,blur
test_samples/blur_510_9.jpg,blur
test_samples/blur_511_17.jpg,blur
test_samples/blur_512_13.jpg,blur
test_samples/blur_513_5.jpg,blur
test_samples/blur_514_9.jpg,blur
test_samples/blur_515_12.jpg,blur
test_samples/blur_516_15.jpg,blur
test_samples/blur_517_14.jpg,blur
test_samples/blur_518_10.jpg,blur
test_samples/blur_519_16.jpg,blur
test_samples/blur_51_10.jpg,blur
test_samples/blur_520_19.jpg,blur
test_samples/blur_521_17.jpg,blur
test_samples/blur_522_14.jpg,blur
test_samples/blur_523_11.jpg,blur
test_samples/blur_524_18.jpg,blur
test_samples/blur_525_9.jpg,blur
test_samples/blur_526_11.jpg,blur
test_samples/blur_527_17.jpg,blur
test_samples/blur_528_16.jpg,blur
test_samples/blur_529_8.jpg,blur
test_samples/blur_52_9.jpg,blur
test_samples/blur_530_5.jpg,blur
test_samples/blur_531_11.jpg,blur
test_samples/blur_532_8.jpg,blur
test_samples/blur_533_6.jpg,blur
test_samples/blur_534_9.jpg,blur
test_samples/blur_535_16.jpg,blur
test_samples/blur_536_19.jpg,blur
test_samples/blur_537_19.jpg,blur
test_samples/blur_538_6.jpg,blur
test_samples/blur_539_10.jpg,blur
test_samples/blur_53_19.jpg,blur
test_samples/blur_540_6.jpg,blur
test_samples/blur_541_13.jpg,blur
test_samples/blur_542_14.jpg,blur
test_samples/blur_543_8.jpg,blur
test_samples/blur_544_5.jpg,blur
test_samples/blur_545_17.jpg,blur
test_samples/blur_546_6.jpg,blur
test_samples/blur_547_9.jpg,blur
test_samples/blur_548_13.jpg,blur
test_samples/blur_549_16.jpg,blur
test_samples/blur_54_6.jpg,blur
test_samples/blur_550_10.jpg,blur
test_samples/blur_551_17.jpg,blur
test_samples/blur_552_9.jpg,blur
test_samples/blur_553_8.jpg,blur
test_samples/blur_554_10.jpg,blur
test_samples/blur_555_18.jpg,blur
test_samples/blur_556_5.jpg,blur
test_samples/blur_557_13.jpg,blur
test_samples/blur_558_15.jpg,blur
test_samples/blur_559_12.jpg,blur
test_samples/blur_55_10.jpg,blur
test_samples/blur_560_9.jpg,blur
test_samples/blur_561_8.jpg,blur
test_samples/blur_562_8.jpg,blur
test_samples/blur_563_11.jpg,blur
test_samples/blur_564_6.jpg,blur
test_samples/blur_565_12.jpg,blur
test_samples/blur_566_14.jpg,blur
test_samples/blur_567_6.jpg,blur
test_samples/blur_568_18.jpg,blur
test_samples/blur_569_19.jpg,blur
test_samples/blur_56_19.jpg,blur
test_samples/blur_570_17.jpg,blur
test_samples/blur_571_7.jpg,blur
test_samples/blur_572_17.jpg,blur
test_samples/blur_573_18.jpg,blur
test_samples/blur_574_17.jpg,blur
test_samples/blur_575_5.jpg,blur
test_samples/blur_576_12.jpg,blur
test_samples/blur_577_6.jpg,blur
test_samples/blur_578_10.jpg,blur
test_samples/blur_579_7.jpg,blur
test_samples/blur_57_9.jpg,blur
test_samples/blur_580_19.jpg,blur
test_samples/blur_581_7.jpg,blur
test_samples/blur_582_6.jpg,blur
test_samples/blur_583_8.jpg,blur
test_samples/blur_584_15.jpg,blur
test_samples/blur_585_16.jpg,blur
test_samples/blur_586_9.jpg,blur
test_samples/blur_587_17.jpg,blur
test_samples/blur_588_8.jpg,blur
test_samples/blur_589_15.jpg,blur
test_samples/blur_58_17.jpg,blur
test_samples/blur_590_13.jpg,blur
test_samples/blur_591_19.jpg,blur
test_samples/blur_592_5.jpg,blur
test_samples/blur_593_19.jpg,blur
test_samples/blur_594_11.jpg,blur
test_samples/blur_595_13.jpg,blur
test_samples/blur_596_8.jpg,blur
test_samples/blur_597_14.jpg,blur
test_samples/blur_598_12.jpg,blur
test_samples/blur_599_6.jpg,blur
test_samples/blur_59_12.jpg,blur
test_samples/blur_5_13.jpg,blur
test_samples/blur_600_19.jpg,blur
test_samples/blur_601_13.jpg,blur
test_samples/blur_602_17.jpg,blur
test_samples/blur_603_7.jpg,blur
test_samples/blur_604_17.jpg,blur
test_samples/blur_605_15.jpg,blur
test_samples/blur_606_13.jpg,blur
test_samples/blur_607_17.jpg,blur
test_samples/blur_608_5.jpg,blur
test_samples/blur_609_9.jpg,blur
test_samples/blur_60_11.jpg,blur
test_samples/blur_610_13.jpg,blur
test_samples/blur_611_19.jpg,blur
test_samples/blur_612_13.jpg,blur
test_samples/blur_613_11.jpg,blur
test_samples/blur_614_9.jpg,blur
test_samples/blur_615_19.jpg,blur
test_samples/blur_616_16.jpg,blur
test_samples/blur_617_8.jpg,blur
test_samples/blur_618_5.jpg,blur
test_samples/blur_619_17.jpg,blur
test_samples/blur_61_5.jpg,blur
test_samples/blur_620_17.jpg,blur
test_samples/blur_621_9.jpg,blur
test_samples/blur_622_18.jpg,blur
test_samples/blur_623_5.jpg,nonblur
test_samples/blur_624_10.jpg,blur
test_samples/blur_625_15.jpg,blur
test_samples/blur_626_7.jpg,blur
test_samples/blur_627_7.jpg,blur
test_samples/blur_628_11.jpg,blur
test_samples/blur_629_7.jpg,blur
test_samples/blur_62_5.jpg,blur
test_samples/blur_630_19.jpg,blur
test_samples/blur_631_5.jpg,blur
test_samples/blur_632_19.jpg,blur
test_samples/blur_633_9.jpg,blur
test_samples/blur_634_6.jpg,blur
test_samples/blur_635_10.jpg,blur
test_samples/blur_636_10.jpg,blur
test_samples/blur_637_11.jpg,blur
test_samples/blur_638_10.jpg,blur
test_samples/blur_639_14.jpg,blur
test_samples/blur_63_14.jpg,blur
test_samples/blur_640_10.jpg,blur
test_samples/blur_641_18.jpg,blur
test_samples/blur_642_16.jpg,blur
test_samples/blur_643_18.jpg,blur
test_samples/blur_644_19.jpg,blur
test_samples/blur_645_9.jpg,blur
test_samples/blur_646_14.jpg,blur
test_samples/blur_647_19.jpg,blur
test_samples/blur_648_19.jpg,blur
test_samples/blur_649_11.jpg,blur
test_samples/blur_64_7.jpg,blur
test_samples/blur_650_7.jpg,blur
test_samples/blur_651_6.jpg,blur
test_samples/blur_652_6.jpg,blur
test_samples/blur_653_9.jpg,blur
test_samples/blur_654_13.jpg,blur
test_samples/blur_655_13.jpg,blur
test_samples/blur_656_18.jpg,blur
test_samples/blur_657_12.jpg,blur
test_samples/blur_658_10.jpg,blur
test_samples/blur_659_13.jpg,blur
test_samples/blur_65_9.jpg,blur
test_samples/blur_660_12.jpg,blur
test_samples/blur_661_19.jpg,blur
test_samples/blur_662_6.jpg,blur
test_samples/blur_663_14.jpg,blur
test_samples/blur_664_9.jpg,blur
test_samples/blur_665_18.jpg,blur
test_samples/blur_666_11.jpg,blur
test_samples/blur_667_8.jpg,blur
test_samples/blur_668_15.jpg,blur
test_samples/blur_669_11.jpg,blur
test_samples/blur_66_10.jpg,blur
test_samples/blur_670_6.jpg,blur
test_samples/blur_671_18.jpg,blur
test_samples/blur_672_18.jpg,blur
test_samples/blur_673_11.jpg,blur
test_samples/blur_674_13.jpg,blur
test_samples/blur_675_16.jpg,blur
test_samples/blur_676_5.jpg,blur
test_samples/blur_677_11.jpg,blur
test_samples/blur_678_6.jpg,blur
test_samples/blur_679_18.jpg,blur
test_samples/blur_67_13.jpg,blur
test_samples/blur_680_15.jpg,blur
test_samples/blur_681_9.jpg,blur
test_samples/blur_682_9.jpg,blur
test_samples/blur_683_13.jpg,blur
test_samples/blur_684_12.jpg,blur
test_samples/blur_685_13.jpg,blur
test_samples/blur_686_16.jpg,blur
test_samples/blur_687_5.jpg,blur
test_samples/blur_688_7.jpg,blur
test_samples/blur_689_19.jpg,blur
test_samples/blur_68_13.jpg,blur
test_samples/blur_690_18.jpg,blur
test_samples/blur_691_11.jpg,blur
test_samples/blur_692_17.jpg,blur
test_samples/blur_693_19.jpg,blur
test_samples/blur_694_5.jpg,blur
test_samples/blur_695_8.jpg,blur
test_samples/blur_696_13.jpg,blur
test_samples/blur_697_5.jpg,blur
test_samples/blur_698_8.jpg,blur
test_samples/blur_699_13.jpg,blur
test_samples/blur_69_12.jpg,blur
test_samples/blur_6_13.jpg,blur
test_samples/blur_700_17.jpg,blur
test_samples/blur_701_6.jpg,blur
test_samples/blur_702_10.jpg,blur
test_samples/blur_703_16.jpg,blur
test_samples/blur_704_7.jpg,blur
test_samples/blur_705_13.jpg,blur
test_samples/blur_706_8.jpg,blur
test_samples/blur_707_8.jpg,blur
test_samples/blur_708_19.jpg,blur
test_samples/blur_709_10.jpg,blur
test_samples/blur_70_10.jpg,blur
test_samples/blur_710_7.jpg,blur
test_samples/blur_711_11.jpg,blur
test_samples/blur_712_14.jpg,blur
test_samples/blur_713_7.jpg,blur
test_samples/blur_714_16.jpg,blur
test_samples/blur_715_6.jpg,blur
test_samples/blur_716_17.jpg,blur
test_samples/blur_717_17.jpg,blur
test_samples/blur_718_9.jpg,blur
test_samples/blur_719_7.jpg,blur
test_samples/blur_71_18.jpg,blur
test_samples/blur_720_14.jpg,blur
test_samples/blur_721_14.jpg,blur
test_samples/blur_722_5.jpg,blur
test_samples/blur_723_16.jpg,blur
test_samples/blur_724_13.jpg,blur
test_samples/blur_725_8.jpg,blur
test_samples/blur_726_6.jpg,blur
test_samples/blur_727_18.jpg,blur
test_samples/blur_728_7.jpg,blur
test_samples/blur_729_18.jpg,blur
test_samples/blur_72_19.jpg,blur
test_samples/blur_730_19.jpg,blur
test_samples/blur_731_7.jpg,blur
test_samples/blur_732_16.jpg,blur
test_samples/blur_733_6.jpg,blur
test_samples/blur_734_10.jpg,blur
test_samples/blur_735_16.jpg,blur
test_samples/blur_736_13.jpg,blur
test_samples/blur_737_15.jpg,blur
test_samples/blur_738_8.jpg,blur
test_samples/blur_739_9.jpg,blur
test_samples/blur_73_6.jpg,blur
test_samples/blur_740_16.jpg,blur
test_samples/blur_741_8.jpg,blur
test_samples/blur_742_9.jpg,blur
test_samples/blur_743_11.jpg,blur
test_samples/blur_744_19.jpg,blur
test_samples/blur_745_7.jpg,blur
test_samples/blur_746_11.jpg,blur
test_samples/blur_747_9.jpg,blur
test_samples/blur_748_9.jpg,blur
test_samples/blur_749_6.jpg,blur
test_samples/blur_74_6.jpg,blur
test_samples/blur_750_15.jpg,blur
test_samples/blur_751_12.jpg,blur
test_samples/blur_752_17.jpg,blur
test_samples/blur_753_6.jpg,blur
test_samples/blur_754_16.jpg,blur
test_samples/blur_755_19.jpg,blur
test_samples/blur_756_5.jpg,blur
test_samples/blur_757_8.jpg,blur
test_samples/blur_758_14.jpg,blur
test_samples/blur_759_11.jpg,blur
test_samples/blur_75_6.jpg,blur
test_samples/blur_760_5.jpg,blur
test_samples/blur_761_14.jpg,blur
test_samples/blur_762_16.jpg,blur
test_samples/blur_763_11.jpg,blur
test_samples/blur_764_6.jpg,blur
test_samples/blur_765_17.jpg,blur
test_samples/blur_766_5.jpg,blur
test_samples/blur_767_7.jpg,blur
test_samples/blur_768_18.jpg,blur
test_samples/blur_769_5.jpg,blur
test_samples/blur_76_10.jpg,blur
test_samples/blur_770_6.jpg,blur
test_samples/blur_771_17.jpg,blur
test_samples/blur_772_13.jpg,blur
test_samples/blur_773_19.jpg,blur
test_samples/blur_774_9.jpg,blur
test_samples/blur_775_17.jpg,blur
test_samples/blur_776_9.jpg,blur
test_samples/blur_777_14.jpg,blur
test_samples/blur_778_16.jpg,blur
test_samples/blur_779_19.jpg,blur
test_samples/blur_77_10.jpg,blur
test_samples/blur_780_14.jpg,blur
test_samples/blur_781_17.jpg,blur
test_samples/blur_782_18.jpg,blur
test_samples/blur_783_11.jpg,blur
test_samples/blur_784_9.jpg,blur
test_samples/blur_785_17.jpg,blur
test_samples/blur_786_6.jpg,blur
test_samples/blur_787_6.jpg,blur
test_samples/blur_788_10.jpg,blur
test_samples/blur_789_10.jpg,blur
test_samples/blur_78_12.jpg,blur
test_samples/blur_790_6.jpg,blur
test_samples/blur_791_17.jpg,blur
test_samples/blur_792_18.jpg,blur
test_samples/blur_793_11.jpg,blur
test_samples/blur_794_16.jpg,blur
test_samples/blur_795_11.jpg,blur
test_samples/blur_796_9.jpg,blur
test_samples/blur_797_12.jpg,blur
test_samples/blur_798_12.jpg,blur
test_samples/blur_799_15.jpg,blur
test_samples/blur_79_15.jpg,blur
test_samples/blur_7_5.jpg,blur
test_samples/blur_800_13.jpg,blur
test_samples/blur_80_16.jpg,blur
test_samples/blur_81_17.jpg,blur
test_samples/blur_82_9.jpg,blur
test_samples/blur_83_8.jpg,blur
test_samples/blur_84_16.jpg,blur
test_samples/blur_85_5.jpg,blur
test_samples/blur_86_5.jpg,blur
test_samples/blur_87_5.jpg,blur
test_samples/blur_88_5.jpg,blur
test_samples/blur_89_7.jpg,blur
test_samples/blur_8_10.jpg,blur
test_samples/blur_90_7.jpg,blur
test_samples/blur_91_16.jpg,blur
test_samples/blur_92_12.jpg,blur
test_samples/blur_93_5.jpg,blur
test_samples/blur_94_18.jpg,blur
test_samples/blur_95_10.jpg,blur
test_samples/blur_96_19.jpg,blur
test_samples/blur_97_5.jpg,blur
test_samples/blur_98_18.jpg,blur
test_samples/blur_99_6.jpg,blur
test_samples/blur_9_18.jpg,blur
test_samples/nonblur_001090.jpg,nonblur
test_samples/nonblur_001448.jpg,nonblur
test_samples/nonblur_001515.jpg,nonblur
test_samples/nonblur_002559.jpg,nonblur
test_samples/nonblur_003157.jpg,nonblur
test_samples/nonblur_003862.jpg,nonblur
test_samples/nonblur_006589.jpg,nonblur
test_samples/nonblur_007623.jpg,nonblur
test_samples/nonblur_008086.jpg,nonblur
test_samples/nonblur_008829.jpg,nonblur
test_samples/nonblur_009628.jpg,nonblur
test_samples/nonblur_009695.jpg,nonblur
test_samples/nonblur_009789.jpg,nonblur
test_samples/nonblur_010241.jpg,nonblur
test_samples/nonblur_011091.jpg,nonblur
test_samples/nonblur_011138.jpg,nonblur
test_samples/nonblur_011420.jpg,nonblur
test_samples/nonblur_013703.jpg,nonblur
test_samples/nonblur_014807.jpg,nonblur
test_samples/nonblur_015180.jpg,nonblur
test_samples/nonblur_015930.jpg,nonblur
test_samples/nonblur_016744.jpg,nonblur
test_samples/nonblur_017553.jpg,nonblur
test_samples/nonblur_018157.jpg,nonblur
test_samples/nonblur_018294.jpg,nonblur
test_samples/nonblur_018395.jpg,nonblur
test_samples/nonblur_018439.jpg,nonblur
test_samples/nonblur_018529.jpg,nonblur
test_samples/nonblur_018940.jpg,nonblur
test_samples/nonblur_019737.jpg,nonblur
test_samples/nonblur_020030.jpg,nonblur
test_samples/nonblur_020818.jpg,nonblur
test_samples/nonblur_021528.jpg,nonblur
test_samples/nonblur_021782.jpg,nonblur
test_samples/nonblur_022500.jpg,nonblur
test_samples/nonblur_022759.jpg,nonblur
test_samples/nonblur_022854.jpg,nonblur
test_samples/nonblur_023247.jpg,nonblur
test_samples/nonblur_024674.jpg,nonblur
test_samples/nonblur_024938.jpg,nonblur
test_samples/nonblur_025274.jpg,nonblur
test_samples/nonblur_025470.jpg,nonblur
test_samples/nonblur_025675.jpg,nonblur
test_samples/nonblur_026374.jpg,nonblur
test_samples/nonblur_026413.jpg,nonblur
test_samples/nonblur_026538.jpg,nonblur
test_samples/nonblur_026982.jpg,nonblur
test_samples/nonblur_027340.jpg,nonblur
test_samples/nonblur_027353.jpg,nonblur
test_samples/nonblur_027897.jpg,nonblur
test_samples/nonblur_028662.jpg,nonblur
test_samples/nonblur_030796.jpg,nonblur
test_samples/nonblur_031188.jpg,nonblur
test_samples/nonblur_031773.jpg,nonblur
test_samples/nonblur_032957.jpg,nonblur
test_samples/nonblur_035498.jpg,nonblur
test_samples/nonblur_035825.jpg,nonblur
test_samples/nonblur_035962.jpg,nonblur
test_samples/nonblur_037102.jpg,nonblur
test_samples/nonblur_037401.jpg,nonblur
test_samples/nonblur_038923.jpg,nonblur
test_samples/nonblur_039067.jpg,nonblur
test_samples/nonblur_039082.jpg,nonblur
test_samples/nonblur_039301.jpg,nonblur
test_samples/nonblur_039859.jpg,nonblur
test_samples/nonblur_042570.jpg,nonblur
test_samples/nonblur_042578.jpg,nonblur
test_samples/nonblur_042707.jpg,nonblur
test_samples/nonblur_046013.jpg,nonblur
test_samples/nonblur_046099.jpg,nonblur
test_samples/nonblur_047177.jpg,nonblur
test_samples/nonblur_048840.jpg,nonblur
test_samples/nonblur_048931.jpg,nonblur
test_samples/nonblur_049048.jpg,nonblur
test_samples/nonblur_049424.jpg,nonblur
test_samples/nonblur_050046.jpg,nonblur
test_samples/nonblur_050305.jpg,nonblur
test_samples/nonblur_051289.jpg,nonblur
test_samples/nonblur_051908.jpg,nonblur
test_samples/nonblur_052308.jpg,nonblur
test_samples/nonblur_052827.jpg,nonblur
test_samples/nonblur_055066.jpg,nonblur
test_samples/nonblur_055121.jpg,nonblur
test_samples/nonblur_057560.jpg,nonblur
test_samples/nonblur_057631.jpg,nonblur
test_samples/nonblur_058232.jpg,nonblur
test_samples/nonblur_058250.jpg,nonblur
test_samples/nonblur_058630.jpg,nonblur
test_samples/nonblur_059267.jpg,nonblur
test_samples/nonblur_059483.jpg,nonblur
test_samples/nonblur_060599.jpg,nonblur
test_samples/nonblur_062872.jpg,nonblur
test_samples/nonblur_063912.jpg,nonblur
test_samples/nonblur_063918.jpg,nonblur
test_samples/nonblur_064348.jpg,nonblur
test_samples/nonblur_064472.jpg,nonblur
test_samples/nonblur_065567.jpg,nonblur
test_samples/nonblur_065955.jpg,nonblur
test_samples/nonblur_066118.jpg,nonblur
test_samples/nonblur_066366.jpg,nonblur
test_samples/nonblur_066543.jpg,nonblur
test_samples/nonblur_066798.jpg,nonblur
test_samples/nonblur_067631.jpg,nonblur
test_samples/nonblur_067715.jpg,nonblur
test_samples/nonblur_068166.jpg,nonblur
test_samples/nonblur_069614.jpg,nonblur
test_samples/nonblur_071215.jpg,nonblur
test_samples/nonblur_072843.jpg,nonblur
test_samples/nonblur_072988.jpg,nonblur
test_samples/nonblur_073951.jpg,nonblur
test_samples/nonblur_074213.jpg,nonblur
test_samples/nonblur_075605.jpg,nonblur
test_samples/nonblur_075673.jpg,nonblur
test_samples/nonblur_077405.jpg,nonblur
test_samples/nonblur_077660.jpg,nonblur
test_samples/nonblur_078716.jpg,nonblur
test_samples/nonblur_079413.jpg,blur
test_samples/nonblur_080408.jpg,nonblur
test_samples/nonblur_080562.jpg,nonblur
test_samples/nonblur_080609.jpg,nonblur
test_samples/nonblur_081079.jpg,nonblur
test_samples/nonblur_081406.jpg,nonblur
test_samples/nonblur_082737.jpg,nonblur
test_samples/nonblur_083085.jpg,nonblur
test_samples/nonblur_083690.jpg,nonblur
test_samples/nonblur_084235.jpg,nonblur
test_samples/nonblur_084339.jpg,nonblur
test_samples/nonblur_084735.jpg,nonblur
test_samples/nonblur_084980.jpg,nonblur
test_samples/nonblur_086210.jpg,nonblur
test_samples/nonblur_086464.jpg,nonblur
test_samples/nonblur_086652.jpg,nonblur
test_samples/nonblur_088817.jpg,nonblur
test_samples/nonblur_089390.jpg,nonblur
test_samples/nonblur_089654.jpg,nonblur
test_samples/nonblur_089694.jpg,nonblur
test_samples/nonblur_091177.jpg,nonblur
test_samples/nonblur_091721.jpg,nonblur
test_samples/nonblur_093141.jpg,nonblur
test_samples/nonblur_093360.jpg,nonblur
test_samples/nonblur_094163.jpg,nonblur
test_samples/nonblur_094260.jpg,nonblur
test_samples/nonblur_094518.jpg,nonblur
test_samples/nonblur_095249.jpg,nonblur
test_samples/nonblur_097057.jpg,nonblur
test_samples/nonblur_098179.jpg,nonblur
test_samples/nonblur_098494.jpg,nonblur
test_samples/nonblur_098709.jpg,nonblur
test_samples/nonblur_099004.jpg,nonblur
test_samples/nonblur_099941.jpg,nonblur
test_samples/nonblur_100347.jpg,nonblur
test_samples/nonblur_100586.jpg,nonblur
test_samples/nonblur_100853.jpg,nonblur
test_samples/nonblur_100973.jpg,nonblur
test_samples/nonblur_101660.jpg,nonblur
test_samples/nonblur_102540.jpg,nonblur
test_samples/nonblur_102607.jpg,nonblur
test_samples/nonblur_102746.jpg,nonblur
test_samples/nonblur_102996.jpg,nonblur
test_samples/nonblur_103462.jpg,nonblur
test_samples/nonblur_103571.jpg,nonblur
test_samples/nonblur_104108.jpg,nonblur
test_samples/nonblur_104270.jpg,nonblur
test_samples/nonblur_105116.jpg,nonblur
test_samples/nonblur_105768.jpg,nonblur
test_samples/nonblur_106411.jpg,nonblur
test_samples/nonblur_106617.jpg,nonblur
test_samples/nonblur_106624.jpg,nonblur
test_samples/nonblur_106739.jpg,nonblur
test_samples/nonblur_110748.jpg,nonblur
test_samples/nonblur_111330.jpg,nonblur
test_samples/nonblur_111878.jpg,nonblur
test_samples/nonblur_113590.jpg,nonblur
test_samples/nonblur_114203.jpg,nonblur
test_samples/nonblur_114453.jpg,nonblur
test_samples/nonblur_114697.jpg,nonblur
test_samples/nonblur_115218.jpg,nonblur
test_samples/nonblur_116133.jpg,nonblur
test_samples/nonblur_116851.jpg,nonblur
test_samples/nonblur_118278.jpg,nonblur
test_samples/nonblur_118839.jpg,nonblur
test_samples/nonblur_119075.jpg,nonblur
test_samples/nonblur_119743.jpg,nonblur
test_samples/nonblur_121351.jpg,nonblur
test_samples/nonblur_121575.jpg,nonblur
test_samples/nonblur_122844.jpg,nonblur
test_samples/nonblur_122973.jpg,nonblur
test_samples/nonblur_124832.jpg,nonblur
test_samples/nonblur_124926.jpg,nonblur
test_samples/nonblur_125017.jpg,nonblur
test_samples/nonblur_126978.jpg,nonblur
test_samples/nonblur_128245.jpg,nonblur
test_samples/nonblur_128652.jpg,nonblur
test_samples/nonblur_128992.jpg,nonblur
test_samples/nonblur_129328.jpg,nonblur
test_samples/nonblur_130037.jpg,nonblur
test_samples/nonblur_130081.jpg,nonblur
test_samples/nonblur_130111.jpg,nonblur
test_samples/nonblur_130908.jpg,nonblur
test_samples/nonblur_131965.jpg,nonblur
test_samples/nonblur_132123.jpg,nonblur
test_samples/nonblur_132217.jpg,nonblur
test_samples/nonblur_134639.jpg,nonblur
test_samples/nonblur_135305.jpg,nonblur
test_samples/nonblur_135472.jpg,nonblur
test_samples/nonblur_138684.jpg,nonblur
test_samples/nonblur_139416.jpg,nonblur
test_samples/nonblur_140284.jpg,nonblur
test_samples/nonblur_140460.jpg,nonblur
test_samples/nonblur_141501.jpg,nonblur
test_samples/nonblur_143334.jpg,nonblur
test_samples/nonblur_144180.jpg,nonblur
test_samples/nonblur_144358.jpg,nonblur
test_samples/nonblur_145436.jpg,nonblur
test_samples/nonblur_147685.jpg,nonblur
test_samples/nonblur_150181.jpg,nonblur
test_samples/nonblur_150358.jpg,nonblur
test_samples/nonblur_152354.jpg,nonblur
test_samples/nonblur_153639.jpg,nonblur
test_samples/nonblur_153674.jpg,nonblur
test_samples/nonblur_153880.jpg,nonblur
test_samples/nonblur_154173.jpg,nonblur
test_samples/nonblur_155102.jpg,nonblur
test_samples/nonblur_156543.jpg,nonblur
test_samples/nonblur_157249.jpg,nonblur
test_samples/nonblur_158279.jpg,nonblur
test_samples/nonblur_158342.jpg,nonblur
test_samples/nonblur_158494.jpg,nonblur
test_samples/nonblur_159400.jpg,nonblur
test_samples/nonblur_159465.jpg,nonblur
test_samples/nonblur_161010.jpg,nonblur
test_samples/nonblur_161486.jpg,nonblur
test_samples/nonblur_161686.jpg,nonblur
test_samples/nonblur_162390.jpg,nonblur
test_samples/nonblur_162829.jpg,nonblur
test_samples/nonblur_163962.jpg,nonblur
test_samples/nonblur_165919.jpg,nonblur
test_samples/nonblur_170529.jpg,nonblur
test_samples/nonblur_171546.jpg,nonblur
test_samples/nonblur_174474.jpg,nonblur
test_samples/nonblur_174573.jpg,blur
test_samples/nonblur_176985.jpg,nonblur
test_samples/nonblur_177516.jpg,nonblur
test_samples/nonblur_177899.jpg,nonblur
test_samples/nonblur_178812.jpg,nonblur
test_samples/nonblur_179758.jpg,nonblur
test_samples/nonblur_180095.jpg,nonblur
test_samples/nonblur_180587.jpg,nonblur
test_samples/nonblur_181851.jpg,nonblur
test_samples/nonblur_181997.jpg,nonblur
test_samples/nonblur_182820.jpg,nonblur
test_samples/nonblur_183176.jpg,nonblur
test_samples/nonblur_183495.jpg,nonblur
test_samples/nonblur_184161.jpg,nonblur
test_samples/nonblur_184531.jpg,nonblur
test_samples/nonblur_185117.jpg,nonblur
test_samples/nonblur_185360.jpg,nonblur
test_samples/nonblur_185555.jpg,nonblur
test_samples/nonblur_185837.jpg,nonblur
test_samples/nonblur_185838.jpg,nonblur
test_samples/nonblur_186205.jpg,nonblur
test_samples/nonblur_186641.jpg,nonblur
test_samples/nonblur_187278.jpg,nonblur
test_samples/nonblur_189159.jpg,nonblur
test_samples/nonblur_189295.jpg,nonblur
test_samples/nonblur_189605.jpg,nonblur
test_samples/nonblur_190486.jpg,nonblur
test_samples/nonblur_192120.jpg,nonblur
test_samples/nonblur_192707.jpg,nonblur
test_samples/nonblur_192852.jpg,nonblur
test_samples/nonblur_194600.jpg,nonblur
test_samples/nonblur_194727.jpg,nonblur
test_samples/nonblur_194862.jpg,nonblur
test_samples/nonblur_195233.jpg,nonblur
test_samples/nonblur_196368.jpg,nonblur
test_samples/nonblur_196565.jpg,nonblur
test_samples/nonblur_196928.jpg,nonblur
test_samples/nonblur_197853.jpg,nonblur
test_samples/nonblur_198404.jpg,nonblur
test_samples/nonblur_198558.jpg,nonblur
test_samples/nonblur_198604.jpg,nonblur
test_samples/nonblur_199969.jpg,nonblur
test_samples/nonblur_200665.jpg,nonblur
test_samples/nonblur_200778.jpg,nonblur
test_samples/nonblur_201010.jpg,nonblur
test_samples/nonblur_202489.jpg,nonblur
test_samples/nonblur_203269.jpg,nonblur
test_samples/nonblur_203809.jpg,nonblur
test_samples/nonblur_205025.jpg,nonblur
test_samples/nonblur_205367.jpg,nonblur
test_samples/nonblur_206161.jpg,nonblur
test_samples/nonblur_207828.jpg,nonblur
test_samples/nonblur_208122.jpg,nonblur
test_samples/nonblur_208509.jpg,nonblur
test_samples/nonblur_208940.jpg,nonblur
test_samples/nonblur_209133.jpg,nonblur
test_samples/nonblur_210097.jpg,nonblur
test_samples/nonblur_210890.jpg,nonblur
test_samples/nonblur_211054.jpg,nonblur
test_samples/nonblur_211716.jpg,nonblur
test_samples/nonblur_212636.jpg,nonblur
test_samples/nonblur_213274.jpg,nonblur
test_samples/nonblur_214046.jpg,nonblur
test_samples/nonblur_214955.jpg,nonblur
test_samples/nonblur_215092.jpg,nonblur
test_samples/nonblur_215732.jpg,nonblur
test_samples/nonblur_218307.jpg,nonblur
test_samples/nonblur_218406.jpg,nonblur
test_samples/nonblur_219177.jpg,nonblur
test_samples/nonblur_221272.jpg,nonblur
test_samples/nonblur_224476.jpg,nonblur
test_samples/nonblur_224499.jpg,nonblur
test_samples/nonblur_225076.jpg,nonblur
test_samples/nonblur_225495.jpg,nonblur
test_samples/nonblur_227033.jpg,nonblur
test_samples/nonblur_227061.jpg,nonblur
test_samples/nonblur_227851.jpg,nonblur
test_samples/nonblur_228611.jpg,nonblur
test_samples/nonblur_229191.jpg,nonblur
test_samples/nonblur_229315.jpg,nonblur
test_samples/nonblur_230404.jpg,nonblur
test_samples/nonblur_230625.jpg,nonblur
test_samples/nonblur_230863.jpg,nonblur
test_samples/nonblur_231532.jpg,nonblur
test_samples/nonblur_232001.jpg,nonblur
test_samples/nonblur_232610.jpg,nonblur
test_samples/nonblur_233517.jpg,nonblur
test_samples/nonblur_233553.jpg,nonblur
test_samples/nonblur_236125.jpg,nonblur
test_samples/nonblur_236744.jpg,nonblur
test_samples/nonblur_237017.jpg,nonblur
test_samples/nonblur_237689.jpg,nonblur
test_samples/nonblur_238453.jpg,nonblur
test_samples/nonblur_238748.jpg,nonblur
test_samples/nonblur_239208.jpg,nonblur
test_samples/nonblur_239861.jpg,nonblur
test_samples/nonblur_240234.jpg,nonblur
test_samples/nonblur_242973.jpg,nonblur
test_samples/nonblur_243038.jpg,nonblur
test_samples/nonblur_244425.jpg,nonblur
test_samples/nonblur_245415.jpg,nonblur
test_samples/nonblur_245496.jpg,nonblur
test_samples/nonblur_245717.jpg,nonblur
test_samples/nonblur_246609.jpg,nonblur
test_samples/nonblur_246913.jpg,nonblur
test_samples/nonblur_247034.jpg,nonblur
test_samples/nonblur_248884.jpg,nonblur
test_samples/nonblur_249508.jpg,nonblur
test_samples/nonblur_250043.jpg,nonblur
test_samples/nonblur_250083.jpg,nonblur
test_samples/nonblur_250706.jpg,nonblur
test_samples/nonblur_250708.jpg,nonblur
test_samples/nonblur_251183.jpg,nonblur
test_samples/nonblur_251646.jpg,nonblur
test_samples/nonblur_251660.jpg,nonblur
test_samples/nonblur_252025.jpg,nonblur
test_samples/nonblur_252300.jpg,nonblur
test_samples/nonblur_252570.jpg,nonblur
test_samples/nonblur_252868.jpg,nonblur
test_samples/nonblur_252905.jpg,nonblur
test_samples/nonblur_253866.jpg,nonblur
test_samples/nonblur_256475.jpg,nonblur
test_samples/nonblur_256946.jpg,nonblur
test_samples/nonblur_256953.jpg,nonblur
test_samples/nonblur_258768.jpg,nonblur
test_samples/nonblur_259543.jpg,nonblur
test_samples/nonblur_261118.jpg,nonblur
test_samples/nonblur_262086.jpg,nonblur
test_samples/nonblur_262619.jpg,nonblur
test_samples/nonblur_262986.jpg,nonblur
test_samples/nonblur_263041.jpg,nonblur
test_samples/nonblur_263412.jpg,nonblur
test_samples/nonblur_263586.jpg,nonblur
test_samples/nonblur_263600.jpg,nonblur
test_samples/nonblur_264823.jpg,nonblur
test_samples/nonblur_265236.jpg,nonblur
test_samples/nonblur_266912.jpg,nonblur
test_samples/nonblur_267174.jpg,nonblur
test_samples/nonblur_267284.jpg,nonblur
test_samples/nonblur_267861.jpg,nonblur
test_samples/nonblur_270025.jpg,nonblur
test_samples/nonblur_270109.jpg,nonblur
test_samples/nonblur_272968.jpg,nonblur
test_samples/nonblur_273559.jpg,nonblur
test_samples/nonblur_274776.jpg,nonblur
test_samples/nonblur_275997.jpg,nonblur
test_samples/nonblur_276531.jpg,nonblur
test_samples/nonblur_277003.jpg,nonblur
test_samples/nonblur_277146.jpg,nonblur
test_samples/nonblur_277718.jpg,nonblur
test_samples/nonblur_277852.jpg,nonblur
test_samples/nonblur_278134.jpg,nonblur
test_samples/nonblur_278491.jpg,nonblur
test_samples/nonblur_278692.jpg,nonblur
test_samples/nonblur_279140.jpg,nonblur
test_samples/nonblur_279916.jpg,nonblur
test_samples/nonblur_281038.jpg,nonblur
test_samples/nonblur_281922.jpg,nonblur
test_samples/nonblur_282239.jpg,nonblur
test_samples/nonblur_282624.jpg,nonblur
test_samples/nonblur_283867.jpg,nonblur
test_samples/nonblur_283965.jpg,nonblur
test_samples/nonblur_284008.jpg,nonblur
test_samples/nonblur_284488.jpg,nonblur
test_samples/nonblur_286554.jpg,nonblur
test_samples/nonblur_287095.jpg,nonblur
test_samples/nonblur_287886.jpg,nonblur
test_samples/nonblur_288397.jpg,nonblur
test_samples/nonblur_288403.jpg,nonblur
test_samples/nonblur_288836.jpg,nonblur
test_samples/nonblur_289019.jpg,nonblur
test_samples/nonblur_289223.jpg,nonblur
test_samples/nonblur_290734.jpg,blur
test_samples/nonblur_291597.jpg,nonblur
test_samples/nonblur_291672.jpg,nonblur
test_samples/nonblur_291742.jpg,nonblur
test_samples/nonblur_292662.jpg,nonblur
test_samples/nonblur_292663.jpg,nonblur
test_samples/nonblur_294084.jpg,nonblur
test_samples/nonblur_294475.jpg,nonblur
test_samples/nonblur_295006.jpg,nonblur
test_samples/nonblur_295379.jpg,nonblur
test_samples/nonblur_295803.jpg,nonblur
test_samples/nonblur_295924.jpg,nonblur
test_samples/nonblur_296134.jpg,nonblur
test_samples/nonblur_297009.jpg,nonblur
test_samples/nonblur_297277.jpg,nonblur
test_samples/nonblur_297645.jpg,nonblur
test_samples/nonblur_298479.jpg,nonblur
test_samples/nonblur_298998.jpg,nonblur
test_samples/nonblur_300209.jpg,nonblur
test_samples/nonblur_300232.jpg,nonblur
test_samples/nonblur_300284.jpg,nonblur
test_samples/nonblur_300322.jpg,nonblur
test_samples/nonblur_301102.jpg,nonblur
test_samples/nonblur_303219.jpg,nonblur
test_samples/nonblur_303413.jpg,nonblur
test_samples/nonblur_303610.jpg,nonblur
test_samples/nonblur_303626.jpg,nonblur
test_samples/nonblur_304360.jpg,nonblur
test_samples/nonblur_304566.jpg,nonblur
test_samples/nonblur_306258.jpg,nonblur
test_samples/nonblur_307318.jpg,nonblur
test_samples/nonblur_308107.jpg,nonblur
test_samples/nonblur_308564.jpg,nonblur
test_samples/nonblur_310302.jpg,nonblur
test_samples/nonblur_312574.jpg,nonblur
test_samples/nonblur_312712.jpg,nonblur
test_samples/nonblur_313360.jpg,nonblur
test_samples/nonblur_313802.jpg,nonblur
test_samples/nonblur_314108.jpg,nonblur
test_samples/nonblur_315248.jpg,nonblur
test_samples/nonblur_316667.jpg,nonblur
test_samples/nonblur_318089.jpg,nonblur
test_samples/nonblur_318373.jpg,nonblur
test_samples/nonblur_320182.jpg,nonblur
test_samples/nonblur_320593.jpg,nonblur
test_samples/nonblur_321213.jpg,nonblur
test_samples/nonblur_322064.jpg,nonblur
test_samples/nonblur_324171.jpg,nonblur
test_samples/nonblur_324789.jpg,nonblur
test_samples/nonblur_325073.jpg,nonblur
test_samples/nonblur_325277.jpg,nonblur
test_samples/nonblur_325620.jpg,nonblur
test_samples/nonblur_326056.jpg,nonblur
test_samples/nonblur_326559.jpg,nonblur
test_samples/nonblur_326845.jpg,nonblur
test_samples/nonblur_329715.jpg,nonblur
test_samples/nonblur_329748.jpg,nonblur
test_samples/nonblur_330236.jpg,nonblur
test_samples/nonblur_330720.jpg,nonblur
test_samples/nonblur_331214.jpg,nonblur
test_samples/nonblur_333703.jpg,nonblur
test_samples/nonblur_333775.jpg,nonblur
test_samples/nonblur_333818.jpg,nonblur
test_samples/nonblur_334062.jpg,nonblur
test_samples/nonblur_334372.jpg,nonblur
test_samples/nonblur_334453.jpg,nonblur
test_samples/nonblur_334610.jpg,nonblur
test_samples/nonblur_335107.jpg,nonblur
test_samples/nonblur_335284.jpg,nonblur
test_samples/nonblur_335594.jpg,nonblur
test_samples/nonblur_335683.jpg,nonblur
test_samples/nonblur_337188.jpg,nonblur
test_samples/nonblur_337748.jpg,nonblur
test_samples/nonblur_338802.jpg,nonblur
test_samples/nonblur_338838.jpg,nonblur
test_samples/nonblur_340148.jpg,nonblur
test_samples/nonblur_340270.jpg,nonblur
test_samples/nonblur_340471.jpg,nonblur
test_samples/nonblur_341335.jpg,nonblur
test_samples/nonblur_342490.jpg,nonblur
test_samples/nonblur_344875.jpg,nonblur
test_samples/nonblur_345160.jpg,nonblur
test_samples/nonblur_345216.jpg,nonblur
test_samples/nonblur_345952.jpg,nonblur
test_samples/nonblur_346313.jpg,nonblur
test_samples/nonblur_347603.jpg,nonblur
test_samples/nonblur_349237.jpg,nonblur
test_samples/nonblur_350157.jpg,nonblur
test_samples/nonblur_350690.jpg,nonblur
test_samples/nonblur_350933.jpg,nonblur
test_samples/nonblur_350987.jpg,nonblur
test_samples/nonblur_351253.jpg,nonblur
test_samples/nonblur_351549.jpg,nonblur
test_samples/nonblur_351553.jpg,nonblur
test_samples/nonblur_352564.jpg,nonblur
test_samples/nonblur_353671.jpg,nonblur
test_samples/nonblur_354145.jpg,nonblur
test_samples/nonblur_355789.jpg,nonblur
test_samples/nonblur_356015.jpg,nonblur
test_samples/nonblur_356107.jpg,nonblur
test_samples/nonblur_356632.jpg,nonblur
test_samples/nonblur_356845.jpg,nonblur
test_samples/nonblur_357644.jpg,nonblur
test_samples/nonblur_358118.jpg,nonblur
test_samples/nonblur_359945.jpg,nonblur
test_samples/nonblur_360262.jpg,nonblur
test_samples/nonblur_360334.jpg,nonblur
test_samples/nonblur_360813.jpg,nonblur
test_samples/nonblur_360855.jpg,nonblur
test_samples/nonblur_361850.jpg,nonblur
test_samples/nonblur_363830.jpg,nonblur
test_samples/nonblur_365614.jpg,nonblur
test_samples/nonblur_365866.jpg,nonblur
test_samples/nonblur_367515.jpg,nonblur
test_samples/nonblur_367953.jpg,nonblur
test_samples/nonblur_368302.jpg,nonblur
test_samples/nonblur_369355.jpg,nonblur
test_samples/nonblur_369478.jpg,nonblur
test_samples/nonblur_369667.jpg,nonblur
test_samples/nonblur_369788.jpg,nonblur
test_samples/nonblur_370278.jpg,nonblur
test_samples/nonblur_371782.jpg,nonblur
test_samples/nonblur_371948.jpg,nonblur
test_samples/nonblur_373255.jpg,nonblur
test_samples/nonblur_373848.jpg,nonblur
test_samples/nonblur_374574.jpg,nonblur
test_samples/nonblur_375096.jpg,nonblur
test_samples/nonblur_376731.jpg,nonblur
test_samples/nonblur_376946.jpg,nonblur
test_samples/nonblur_377926.jpg,nonblur
test_samples/nonblur_378618.jpg,nonblur
test_samples/nonblur_378621.jpg,nonblur
test_samples/nonblur_381426.jpg,nonblur
test_samples/nonblur_381870.jpg,nonblur
test_samples/nonblur_382466.jpg,nonblur
test_samples/nonblur_383047.jpg,nonblur
test_samples/nonblur_383576.jpg,nonblur
test_samples/nonblur_383787.jpg,nonblur
test_samples/nonblur_383934.jpg,nonblur
test_samples/nonblur_384823.jpg,nonblur
test_samples/nonblur_385302.jpg,nonblur
test_samples/nonblur_386768.jpg,nonblur
test_samples/nonblur_389419.jpg,nonblur
test_samples/nonblur_389654.jpg,nonblur
test_samples/nonblur_390287.jpg,nonblur
test_samples/nonblur_390378.jpg,nonblur
test_samples/nonblur_391561.jpg,nonblur
test_samples/nonblur_392445.jpg,nonblur
test_samples/nonblur_392967.jpg,nonblur
test_samples/nonblur_394889.jpg,nonblur
test_samples/nonblur_395142.jpg,nonblur
test_samples/nonblur_397454.jpg,nonblur
test_samples/nonblur_398004.jpg,nonblur
test_samples/nonblur_398036.jpg,nonblur
test_samples/nonblur_400361.jpg,nonblur
test_samples/nonblur_400971.jpg,nonblur
test_samples/nonblur_400985.jpg,nonblur
test_samples/nonblur_401183.jpg,nonblur
test_samples/nonblur_402308.jpg,nonblur
test_samples/nonblur_402333.jpg,blur
test_samples/nonblur_402623.jpg,nonblur
test_samples/nonblur_402712.jpg,nonblur
test_samples/nonblur_402903.jpg,nonblur
test_samples/nonblur_404437.jpg,nonblur
test_samples/nonblur_404738.jpg,nonblur
test_samples/nonblur_407676.jpg,nonblur
test_samples/nonblur_407968.jpg,nonblur
test_samples/nonblur_408016.jpg,nonblur
test_samples/nonblur_408532.jpg,nonblur
test_samples/nonblur_408815.jpg,nonblur
test_samples/nonblur_408824.jpg,nonblur
test_samples/nonblur_408833.jpg,nonblur
test_samples/nonblur_409351.jpg,nonblur
test_samples/nonblur_409744.jpg,nonblur
test_samples/nonblur_409897.jpg,nonblur
test_samples/nonblur_410614.jpg,nonblur
test_samples/nonblur_410743.jpg,nonblur
test_samples/nonblur_410808.jpg,nonblur
test_samples/nonblur_411191.jpg,nonblur
test_samples/nonblur_412134.jpg,nonblur
test_samples/nonblur_413382.jpg,nonblur
test_samples/nonblur_415093.jpg,nonblur
test_samples/nonblur_415613.jpg,nonblur
test_samples/nonblur_416639.jpg,nonblur
test_samples/nonblur_417298.jpg,nonblur
test_samples/nonblur_417626.jpg,nonblur
test_samples/nonblur_421703.jpg,nonblur
test_samples/nonblur_421792.jpg,nonblur
test_samples/nonblur_422193.jpg,nonblur
test_samples/nonblur_425412.jpg,nonblur
test_samples/nonblur_426418.jpg,nonblur
test_samples/nonblur_426568.jpg,nonblur
test_samples/nonblur_426777.jpg,nonblur
test_samples/nonblur_426876.jpg,nonblur
test_samples/nonblur_426912.jpg,nonblur
test_samples/nonblur_428064.jpg,nonblur
test_samples/nonblur_429573.jpg,nonblur
test_samples/nonblur_430101.jpg,nonblur
test_samples/nonblur_430774.jpg,nonblur
test_samples/nonblur_431495.jpg,nonblur
test_samples/nonblur_432373.jpg,nonblur
test_samples/nonblur_432510.jpg,nonblur
test_samples/nonblur_432932.jpg,nonblur
test_samples/nonblur_433151.jpg,nonblur
test_samples/nonblur_434357.jpg,nonblur
test_samples/nonblur_435451.jpg,nonblur
test_samples/nonblur_435745.jpg,nonblur
test_samples/nonblur_436027.jpg,nonblur
test_samples/nonblur_436611.jpg,nonblur
test_samples/nonblur_436619.jpg,nonblur
test_samples/nonblur_437028.jpg,nonblur
test_samples/nonblur_438004.jpg,nonblur
test_samples/nonblur_438965.jpg,nonblur
test_samples/nonblur_439241.jpg,nonblur
test_samples/nonblur_440460.jpg,nonblur
test_samples/nonblur_441225.jpg,nonblur
test_samples/nonblur_441363.jpg,nonblur
test_samples/nonblur_442506.jpg,nonblur
test_samples/nonblur_442518.jpg,nonblur
test_samples/nonblur_442609.jpg,nonblur
test_samples/nonblur_443537.jpg,nonblur
test_samples/nonblur_445435.jpg,nonblur
test_samples/nonblur_445597.jpg,nonblur
test_samples/nonblur_445908.jpg,nonblur
test_samples/nonblur_446108.jpg,nonblur
test_samples/nonblur_446452.jpg,nonblur
test_samples/nonblur_447345.jpg,nonblur
test_samples/nonblur_448286.jpg,nonblur
test_samples/nonblur_449490.jpg,nonblur
test_samples/nonblur_450647.jpg,nonblur
test_samples/nonblur_450759.jpg,nonblur
test_samples/nonblur_450774.jpg,nonblur
test_samples/nonblur_450977.jpg,nonblur
test_samples/nonblur_451119.jpg,nonblur
test_samples/nonblur_451352.jpg,nonblur
test_samples/nonblur_453885.jpg,nonblur
test_samples/nonblur_455299.jpg,nonblur
test_samples/nonblur_455549.jpg,nonblur
test_samples/nonblur_455995.jpg,nonblur
test_samples/nonblur_458957.jpg,nonblur
test_samples/nonblur_459209.jpg,nonblur
test_samples/nonblur_460038.jpg,nonblur
test_samples/nonblur_460643.jpg,nonblur
test_samples/nonblur_460916.jpg,nonblur
test_samples/nonblur_461968.jpg,nonblur
test_samples/nonblur_462953.jpg,nonblur
test_samples/nonblur_465223.jpg,nonblur
test_samples/nonblur_465676.jpg,nonblur
test_samples/nonblur_466425.jpg,nonblur
test_samples/nonblur_467096.jpg,nonblur
test_samples/nonblur_468263.jpg,nonblur
test_samples/nonblur_469034.jpg,blur
test_samples/nonblur_469786.jpg,nonblur
test_samples/nonblur_474401.jpg,nonblur
test_samples/nonblur_477927.jpg,blur
test_samples/nonblur_478985.jpg,nonblur
test_samples/nonblur_480391.jpg,nonblur
test_samples/nonblur_481553.jpg,nonblur
test_samples/nonblur_484303.jpg,nonblur
test_samples/nonblur_484646.jpg,nonblur
test_samples/nonblur_485709.jpg,nonblur
test_samples/nonblur_485771.jpg,nonblur
test_samples/nonblur_486595.jpg,nonblur
test_samples/nonblur_487351.jpg,nonblur
test_samples/nonblur_487843.jpg,nonblur
test_samples/nonblur_487898.jpg,nonblur
test_samples/nonblur_488828.jpg,nonblur
test_samples/nonblur_490112.jpg,nonblur
test_samples/nonblur_492155.jpg,nonblur
test_samples/nonblur_492470.jpg,nonblur
test_samples/nonblur_492535.jpg,nonblur
test_samples/nonblur_493659.jpg,nonblur
test_samples/nonblur_494894.jpg,nonblur
test_samples/nonblur_495073.jpg,nonblur
test_samples/nonblur_495443.jpg,nonblur
test_samples/nonblur_495481.jpg,nonblur
test_samples/nonblur_495485.jpg,nonblur
test_samples/nonblur_498346.jpg,nonblur
test_samples/nonblur_499095.jpg,nonblur
test_samples/nonblur_499552.jpg,nonblur
test_samples/nonblur_500527.jpg,nonblur
test_samples/nonblur_500891.jpg,nonblur
test_samples/nonblur_503567.jpg,nonblur
test_samples/nonblur_503595.jpg,nonblur
test_samples/nonblur_503985.jpg,nonblur
test_samples/nonblur_508514.jpg,nonblur
test_samples/nonblur_508931.jpg,nonblur
test_samples/nonblur_509032.jpg,nonblur
test_samples/nonblur_510033.jpg,nonblur
test_samples/nonblur_511075.jpg,nonblur
test_samples/nonblur_512533.jpg,nonblur
test_samples/nonblur_513191.jpg,nonblur
test_samples/nonblur_513961.jpg,nonblur
test_samples/nonblur_513980.jpg,nonblur
test_samples/nonblur_514537.jpg,nonblur
test_samples/nonblur_515638.jpg,nonblur
test_samples/nonblur_516174.jpg,nonblur
test_samples/nonblur_516738.jpg,nonblur
test_samples/nonblur_517138.jpg,nonblur
test_samples/nonblur_517394.jpg,nonblur
test_samples/nonblur_517696.jpg,nonblur
test_samples/nonblur_518110.jpg,nonblur
test_samples/nonblur_518262.jpg,nonblur
test_samples/nonblur_518288.jpg,nonblur
test_samples/nonblur_518433.jpg,nonblur
test_samples/nonblur_518782.jpg,nonblur
test_samples/nonblur_519138.jpg,nonblur
test_samples/nonblur_519146.jpg,nonblur
test_samples/nonblur_519431.jpg,nonblur
test_samples/nonblur_520471.jpg,nonblur
test_samples/nonblur_520727.jpg,nonblur
test_samples/nonblur_521150.jpg,nonblur
test_samples/nonblur_521201.jpg,nonblur
test_samples/nonblur_521678.jpg,nonblur
test_samples/nonblur_522452.jpg,nonblur
test_samples/nonblur_523445.jpg,nonblur
test_samples/nonblur_524174.jpg,nonblur
test_samples/nonblur_525248.jpg,nonblur
test_samples/nonblur_525297.jpg,nonblur
test_samples/nonblur_525932.jpg,nonblur
test_samples/nonblur_526890.jpg,nonblur
test_samples/nonblur_527216.jpg,nonblur
test_samples/nonblur_527752.jpg,nonblur
test_samples/nonblur_527791.jpg,nonblur
test_samples/nonblur_528849.jpg,nonblur
test_samples/nonblur_528890.jpg,nonblur
test_samples/nonblur_528970.jpg,nonblur
test_samples/nonblur_529788.jpg,nonblur
test_samples/nonblur_530600.jpg,nonblur
test_samples/nonblur_530652.jpg,nonblur
test_samples/nonblur_531697.jpg,nonblur
test_samples/nonblur_532793.jpg,nonblur
test_samples/nonblur_533449.jpg,nonblur
test_samples/nonblur_533808.jpg,nonblur
test_samples/nonblur_534468.jpg,nonblur
test_samples/nonblur_536294.jpg,nonblur
test_samples/nonblur_536579.jpg,nonblur
test_samples/nonblur_537313.jpg,nonblur
test_samples/nonblur_537866.jpg,nonblur
test_samples/nonblur_539296.jpg,nonblur
test_samples/nonblur_542011.jpg,nonblur
test_samples/nonblur_543985.jpg,nonblur
test_samples/nonblur_544968.jpg,nonblur
test_samples/nonblur_545160.jpg,nonblur
test_samples/nonblur_545250.jpg,nonblur
test_samples/nonblur_546500.jpg,nonblur
test_samples/nonblur_546642.jpg,nonblur
test_samples/nonblur_547036.jpg,nonblur
test_samples/nonblur_547742.jpg,nonblur
test_samples/nonblur_547797.jpg,nonblur
test_samples/nonblur_548915.jpg,nonblur
test_samples/nonblur_550395.jpg,nonblur
test_samples/nonblur_550597.jpg,nonblur
test_samples/nonblur_551199.jpg,nonblur
test_samples/nonblur_551481.jpg,nonblur
test_samples/nonblur_552852.jpg,nonblur
test_samples/nonblur_553074.jpg,nonblur
test_samples/nonblur_553428.jpg,nonblur
test_samples/nonblur_553682.jpg,nonblur
test_samples/nonblur_556910.jpg,nonblur
test_samples/nonblur_557374.jpg,nonblur
test_samples/nonblur_557643.jpg,nonblur
test_samples/nonblur_558036.jpg,nonblur
test_samples/nonblur_558066.jpg,nonblur
test_samples/nonblur_558190.jpg,nonblur
test_samples/nonblur_558350.jpg,nonblur
test_samples/nonblur_559544.jpg,nonblur
test_samples/nonblur_559958.jpg,nonblur
test_samples/nonblur_560392.jpg,nonblur
test_samples/nonblur_561201.jpg,nonblur
test_samples/nonblur_561371.jpg,nonblur
test_samples/nonblur_562338.jpg,nonblur
test_samples/nonblur_563656.jpg,nonblur
test_samples/nonblur_563817.jpg,nonblur
test_samples/nonblur_564197.jpg,nonblur
test_samples/nonblur_566174.jpg,nonblur
test_samples/nonblur_566368.jpg,nonblur
test_samples/nonblur_568572.jpg,nonblur
test_samples/nonblur_568687.jpg,nonblur
test_samples/nonblur_570128.jpg,nonblur
test_samples/nonblur_570775.jpg,nonblur
test_samples/nonblur_571364.jpg,nonblur
test_samples/nonblur_572172.jpg,nonblur
test_samples/nonblur_572737.jpg,nonblur
test_samples/nonblur_573388.jpg,nonblur
test_samples/nonblur_573891.jpg,nonblur
test_samples/nonblur_578961.jpg,nonblur
test_samples/nonblur_580212.jpg,nonblur
